{
  "verification": {
    "alignment_ok": true,
    "alignment_method": "sift",
    "alignment_inliers": 92,
    "alignment_reprojection_error": 1.3735058307647705,
    "scene_corners": [
      [
        268.0798034667969,
        729.5051879882812
      ],
      [
        1704.1849365234375,
        678.3062133789062
      ],
      [
        1669.8448486328125,
        3100.05322265625
      ],
      [
        199.7010498046875,
        3028.91162109375
      ]
    ],
    "layout_validation": {
      "valid": false,
      "mean_score": 0.18408171254686767,
      "patch_scores": [
        {
          "index": 0,
          "ssim": 0.42775301842601904,
          "edge": 0.0,
          "score": 0.17110120737040763
        },
        {
          "index": 1,
          "ssim": 0.39620886915976183,
          "edge": 0.0,
          "score": 0.15848354766390474
        },
        {
          "index": 2,
          "ssim": 0.5566509565157265,
          "edge": 0.0,
          "score": 0.22266038260629062
        }
      ],
      "threshold": 0.42
    },
    "field_plausibility": {
      "name_ok": false,
      "address_ok": false,
      "id_number_ok": false,
      "birthday_ok": false,
      "all_ok": false
    },
    "id_image_valid": false,
    "face_match": false,
    "face_distance": null,
    "face_check_skipped": true,
    "ocr_backend": "paddle"
  },
  "fields": {
    "full_name": "",
    "full_address": "",
    "id_number": "11",
    "birthday": ""
  }
}